,name,location,x,y,geometry
0,Eni Station,"Via Lodovico Il Moro, 187",9.1261186,45.4389487,POINT (9.1261186 45.4389487)
1,Stazione di ricarica per veicolo elettrico,"Via, Via Menaggio",9.1249775,45.4460783,POINT (9.1249775 45.4460783)
2,evway Stazione di Ricarica,"Via Giambellino, 31",9.1495098,45.4507863,POINT (9.1495098 45.4507863)
3,Be Charge Stazione di Ricarica,"Via Carlo Bo, 11",9.1637721,45.4404075,POINT (9.1637721 45.4404075)
4,Be Charge Stazione di Ricarica,"Via Val Bavona, 21",9.1241478,45.4484082,POINT (9.1241478 45.4484082)
5,Be Charge Stazione di Ricarica,"Via Stendhal, 30",9.160221,45.4520943,POINT (9.160221 45.4520943)
6,Esselunga Stazione di Ricarica,"Via Giorgio Washington, 53",9.1550266,45.4609351,POINT (9.1550266 45.4609351)
7,Powy Charging Station,"Via Giambellino, 31",9.149831,45.451073,POINT (9.149831 45.451073)
8,Colonnina di ricarica per auto elettriche Driwe,"Via Tortona, 15",9.1672117,45.4531372,POINT (9.1672117 45.4531372)
9,Eni,"Via Figino, 41/A",9.0764629,45.5066094,POINT (9.0764629 45.5066094)
10,Next Charge Stazione di Ricarica,"Via Alfredo Pizzoni, 14",9.126528,45.497528,POINT (9.126528 45.497528)
11,Enel X Charging Station,"Via Giulio Confalonieri, 2",9.13903,45.5079029,POINT (9.13903 45.5079029)
12,Be Charge Stazione di Ricarica,"Via Gallarate, 40",9.138959,45.4948601,POINT (9.138959 45.4948601)
13,Next Charge Stazione di Ricarica,"Via Ludovico di Breme, 2",9.14036,45.4966921,POINT (9.14036 45.4966921)
14,A2A Stazione di Ricarica,"Via Fratelli Zoia, 1",9.109971,45.4689679,POINT (9.109971 45.4689679)
15,a2a Stazione di Ricarica,"Viale Certosa, 130",9.1400185,45.4954849,POINT (9.1400185 45.4954849)
16,Be Charge Charging Station,"Via delle Forze Armate, 49",9.1335415,45.4632478,POINT (9.1335415 45.4632478)
18,ENI Piazzale Lorenzo Lotto 14/a. GOMMISTA CONVENZIONATO ARVAL,"Piazzale Lorenzo Lotto, 14/a",9.143366,45.4807914,POINT (9.143366 45.4807914)
19,A2A Stazione di Ricarica,"Piazzale Stefano Türr, 4",9.1526852,45.4842658,POINT (9.1526852 45.4842658)
20,Be Charge Stazione di Ricarica,"Via Fratelli Salvioni, 6",9.1606881,45.4857336,POINT (9.1606881 45.4857336)
21,Next Charge Charging Station,"Via Leon Battista Alberti, 5",9.1578235,45.48375,POINT (9.1578235 45.48375)
22,EMOBITALY Charging Station,"Viale Certosa, 29",9.1512342,45.4891653,POINT (9.1512342 45.4891653)
23,A2A Stazione di ricarica,"Piazza Sei Febbraio, 24",9.1604599,45.4779204,POINT (9.1604599 45.4779204)
24,Enel X Charging Station,"Parking Milano IT, Viale Certosa, 22 - Lombarda",9.1522192,45.4901121,POINT (9.1522192 45.4901121)
25,Stazione di ricarica per veicolo elettrico,"Via Marco Ulpio Traiano, 77",9.1458312,45.490332,POINT (9.1458312 45.490332)
26,Porsche Destination Charging,"presso Enterprise Hotel, Corso Sempione, 91",9.157323,45.4868527,POINT (9.157323 45.4868527)
27,Eni Station,"Via Eritrea, 65",9.1369505,45.5119112,POINT (9.1369505 45.5119112)
29,Powy Charging Station,"Via Privata Angiolo Maffucci, 73",9.170018,45.503266,POINT (9.170018 45.503266)
31,A2A E-moving – Fast Charge DC-ACcharging station,"Via Giovanni Durando, 10",9.164164,45.504332,POINT (9.164164 45.504332)
32,Stazione di ricarica per veicolo elettrico,"Via Don Giuseppe Andreoli, 27",9.1607264,45.5032275,POINT (9.1607264 45.5032275)
35,Be Charge Charging Station,"Via Privata Roberto Bracco, 4",9.1846762,45.5000303,POINT (9.1846762 45.5000303)
36,Eni Station,"Via Comasina, Via Alessandro Litta Modignani, 19",9.1657669,45.5242627,POINT (9.1657669 45.5242627)
37,Stazione di Ricarica Veicoli Elettrici,"Via Luigi Ornato, 169",9.1915784,45.5274709,POINT (9.1915784 45.5274709)
38,Lidl Stazione di Ricarica,"Via Luigi Ornato, 148",9.1927269,45.5256886,POINT (9.1927269 45.5256886)
39,Be Charge Charging Station,"Via Guido da Velate, 11",9.19337,45.52389,POINT (9.19337 45.52389)
40,Be Charge Stazione di Ricarica,"Via Giuseppe di Vittorio, 23A",9.1911561,45.5347793,POINT (9.1911561 45.5347793)
41,Enel X Stazione di Ricarica,"Viale Italia, 39",9.2285204,45.5248353,POINT (9.2285204 45.5248353)
42,Be Charge Stazione di Ricarica,"Via XXV Aprile, 18",9.1978915,45.53591,POINT (9.1978915 45.53591)
43,Enel X Charging Station,"Piazza dell'Ospedale Maggiore, 3",9.1881852,45.5086997,POINT (9.1881852 45.5086997)
44,Enel X Stazione di Ricarica,"Piazza Oreste Giussani, 2",9.1769638,45.5390503,POINT (9.1769638 45.5390503)
45,Eni Station,"SPexSS11 Strada Provinciale Padana Superiore, Km 132-257 Lato Nord",9.0574632,45.4964923,POINT (9.0574632 45.4964923)
46,Enel X Stazione di Ricarica,"Via Antonio Gramsci, 84",9.0658656,45.4884072,POINT (9.0658656 45.4884072)
47,ENEL X Charging Station,"Via Panzeri, 11",9.0485501,45.4902119,POINT (9.0485501 45.4902119)
48,Be Charge Charging Station,"Via della Liberazione, 2",9.07804,45.51097,POINT (9.07804 45.51097)
51,Powy Charging Station,"Via Sempione, 166",9.083581,45.5125249,POINT (9.083581 45.5125249)
52,a2a Stazione di Ricarica,"Via Sella Nuova, 3",9.1093853,45.4600112,POINT (9.1093853 45.4600112)
53,Enel X Stazione di Ricarica,"A4 Torino - Trieste, km 111",9.039693,45.5094601,POINT (9.039693 45.5094601)
54,Eni Station,"Via Nicola Antonio Porpora, 133",9.2295422,45.4862233,POINT (9.2295422 45.4862233)
55,Stazione di ricarica per veicolo elettrico,Via Nino Oxilia,9.2161014,45.4928344,POINT (9.2161014 45.4928344)
56,Elettroshare Stazione di Ricarica,"Via Tolmezzo, 12",9.2332315,45.4923652,POINT (9.2332315 45.4923652)
57,Repower Stazione di Ricarica,"Viale Lombardia, 78",9.2239062,45.4874075,POINT (9.2239062 45.4874075)
58,Be Charge Charging Station,"Viale Andrea Doria, 46",9.2153761,45.4859255,POINT (9.2153761 45.4859255)
59,Enel X Stazione di Ricarica,"Via Privata Terenzio Mamiani, 3",9.230844,45.497525,POINT (9.230844 45.497525)
60,Be Charge Stazione di Ricarica,"P.le Udine, 1",9.2368102,45.4907626,POINT (9.2368102 45.4907626)
61,Be Charge Stazione di Ricarica,"Piazzale Gabrio Piola, 1",9.2231039,45.4798423,POINT (9.2231039 45.4798423)
62,Enel X Stazione di Ricarica,"Via Vallazze, 87",9.2280833,45.4847447,POINT (9.2280833 45.4847447)
66,A2A Stazione di Ricarica,"Via Giovanni Fattori, 6",9.1352091,45.5072958,POINT (9.1352091 45.5072958)
67,Porsche Stazione di Ricarica,"Via Giorgio Stephenson, 53",9.1244728,45.5101863,POINT (9.1244728 45.5101863)
72,Eni Station,"Via Valtellina, 21",9.1825926,45.4942807,POINT (9.1825926 45.4942807)
73,A2A E-moving – Fast Charge DC-AC Charging Station,"Via Torquato Taramelli, 2",9.1930294,45.4893737,POINT (9.1930294 45.4893737)
74,A2A E-moving - Isola Digitale AC,"Via Genova Thaon di Revel, 2",9.1890791,45.4908142,POINT (9.1890791 45.4908142)
75,Be Charge Stazione di Ricarica,"Via Luigi Galvani, 34",9.1967199,45.48801,POINT (9.1967199 45.48801)
76,VIRTA Charging Station,"Via Ugo Bassi, 6",9.1843478,45.4884582,POINT (9.1843478 45.4884582)
77,Powerstop Stazione di Ricarica,"Viale della Liberazione, 13",9.1949807,45.4819734,POINT (9.1949807 45.4819734)
78,Be Charge Stazione di Ricarica,"Viale Monte Grappa, 16",9.1893822,45.4808092,POINT (9.1893822 45.4808092)
79,Stazione Ricarica Elettrica Four Points by Sheraton Milan Center,"Via Gerolamo Cardano, 1",9.1981148,45.4850347,POINT (9.1981148 45.4850347)
80,Be Charge Stazione di Ricarica,"Via Gioacchino Murat, 14",9.1916561,45.4979278,POINT (9.1916561 45.4979278)
81,Eni Station,"Via Novara, 286",9.1011737,45.4802638,POINT (9.1011737 45.4802638)
86,Be Charge Charging Station,"Via Matteo Civitali, 75",9.12858,45.47509,POINT (9.12858 45.47509)
87,Lidl Stazione di Ricarica,"Via Raffaello Sanzio, 2",9.0999749,45.446102,POINT (9.0999749 45.446102)
88,Enel X Stazione di Ricarica,"Via Benozzo Gozzoli, 140",9.0965563,45.4500486,POINT (9.0965563 45.4500486)
89,A2A E-moving - Isola Digitale AC Charging Station,"Via Lucca, 14",9.1127664,45.4557402,POINT (9.1127664 45.4557402)
93,A2A Stazione di Ricarica,"Via Marco Cremosano, 4",9.1409413,45.4830136,POINT (9.1409413 45.4830136)
105,Stazione di ricarica per veicolo elettrico,"Via Sella Nuova, 3",9.1094111,45.4599385,POINT (9.1094111 45.4599385)
108,Eni Station,"Viale Papiniano, 54",9.1710246,45.4569824,POINT (9.1710246 45.4569824)
109,Charge And Drive Charging Station,"Via Rastrelli, 5",9.1906345,45.4626152,POINT (9.1906345 45.4626152)
110,becharge Stazione di Ricarica,"Via Santa Maria Fulcorina, 1",9.1836691,45.4636512,POINT (9.1836691 45.4636512)
111,A2A Stazione di Ricarica,"Largo Raffaele Mattioli, 2",9.1915551,45.4669624,POINT (9.1915551 45.4669624)
112,ENEL X Charging Station,"Via Pantano, 4",9.191012,45.459865,POINT (9.191012 45.459865)
113,Enel X Stazione di Ricarica,"Via Adalberto Catena, 5",9.193126,45.466894,POINT (9.193126 45.466894)
114,Stazione Ricarica Elettrica Ariston Hotel,"Carrobbio, 2",9.1814755,45.4604449,POINT (9.1814755 45.4604449)
115,Be Charge Charging Station,"Via Cordusio, 4",9.1836014,45.4636331,POINT (9.1836014 45.4636331)
116,A2A E-Moving – Quick Charge AC Charging Station,"Via Broletto, 46",9.1856233,45.4681318,POINT (9.1856233 45.4681318)
117,A2A Stazione di Ricarica,"Piazza Cinque Giornate, 3",9.2070264,45.4627628,POINT (9.2070264 45.4627628)
118,A2A Stazione di Ricarica,"Via Carlo Freguglia, 1",9.200451,45.4619735,POINT (9.200451 45.4619735)
119,A2A Stazione di Ricarica,"Corso Monforte, 40",9.2037495,45.4673632,POINT (9.2037495 45.4673632)
121,A2A Stazione di ricarica,"Corso Indipendenza, 23",9.2154783,45.4683101,POINT (9.2154783 45.4683101)
124,Be Charge Stazione di Ricarica,"Via Carlo Botta, 32",9.2056556,45.4547222,POINT (9.2056556 45.4547222)
126,Eni Station,"Via delle Forze Armate, 34",9.1337433,45.4632488,POINT (9.1337433 45.4632488)
129,Be Charge Stazione di Ricarica,"Via Rubens, 3",9.14564,45.46698,POINT (9.14564 45.46698)
130,Tesla Destination Charger,"Via Alberto Mario, 36",9.1495683,45.4707328,POINT (9.1495683 45.4707328)
131,A2A Stazione di Ricarica,V.le Berengario,9.1515068,45.4749173,POINT (9.1515068 45.4749173)
132,a2a Stazione di Ricarica,"Via Cuneo, 2",9.153746,45.4669482,POINT (9.153746 45.4669482)
135,Eni Station,"Via Vialba, 34",9.1349449,45.528927,POINT (9.1349449 45.528927)
140,Enel X Stazione di Ricarica,"Via L. Cadorna, 40",9.1839189,45.542852,POINT (9.1839189 45.542852)
141,ENEL X Charging Station,"Via Antonio Gramsci, 46",9.1661981,45.5389562,POINT (9.1661981 45.5389562)
144,ENI STATION 2188,"Piazza Serafino Belfanti, 7",9.172316,45.4435058,POINT (9.172316 45.4435058)
145,NHP Stazione di ricarica,"Piazza Caduti del Lavoro, 5",9.1853771,45.4435198,POINT (9.1853771 45.4435198)
146,Enel X Stazione di Ricarica,"Via Spezia, 31",9.1729738,45.4403718,POINT (9.1729738 45.4403718)
147,NHP Charging Station,"Via Pietrasanta, 8",9.1975443,45.4436748,POINT (9.1975443 45.4436748)
150,A2A - Stazione di Ricarica per Veicoli Elettrici,"Via Roberto Sarfatti, 11",9.188316,45.4482572,POINT (9.188316 45.4482572)
151,A2A Stazione di ricarica,"Corso Lodi, 5",9.2035946,45.4514729,POINT (9.2035946 45.4514729)
153,Eni Station,"Via Emilio de Marchi, 37",9.209548,45.501324,POINT (9.209548 45.501324)
154,Be Charge Stazione di Ricarica,"Via S. Rafael delle Ande, 7",9.2096185,45.4997363,POINT (9.2096185 45.4997363)
156,Stazione di ricarica per veicoli elettrici Lidl,"Viale Monza, 244",9.22541,45.51502,POINT (9.22541 45.51502)
160,Be Charge Stazione di Ricarica,"Via Giovanni Battista Sammartini, 2",9.207614,45.4908119,POINT (9.207614 45.4908119)
163,A2A E-moving - Isola Digitale AC,"Piazza Giovanni Amendola, 1",9.1513915,45.4734544,POINT (9.1513915 45.4734544)
164,Next Charge Charging Station,"Via Ambrogio Spinola, 8",9.152229,45.475527,POINT (9.152229 45.475527)
167,Next Charge Charging Station,"Via Senofonte, 5",9.1580574,45.4751368,POINT (9.1580574 45.4751368)
171,Eni Station,"Viale Monte Ceneri, 10",9.1561456,45.4933646,POINT (9.1561456 45.4933646)
172,Next Charge Charging Station,"Viale L. Bodio, 37",9.16737,45.496941,POINT (9.16737 45.496941)
178,A2A Stazione di Ricarica,   800 035 151   ,9.186373,45.4825028,POINT (9.186373 45.4825028)
179,Enel X Stazione di Ricarica,Via Tivoli,9.1832546,45.4718701,POINT (9.1832546 45.4718701)
185,Be Charge Stazione di Ricarica,"Piazza Martiri della Libertà, 3",9.1873079,45.537047,POINT (9.1873079 45.537047)
189,Eni Station,"Via Gallarate, 40",9.1387638,45.4949329,POINT (9.1387638 45.4949329)
190,Enel X Charging Station,"Viale Alcide de Gasperi, 2/Q8",9.1411582,45.4890891,POINT (9.1411582 45.4890891)
198,Eni Station,Via Sempione SS 33 SEMPIONE KM 8-386,9.0957613,45.5074562,POINT (9.0957613 45.5074562)
201,Tesla Destination Charger,"Via Privata Polonia, 10",9.119687,45.5138466,POINT (9.119687 45.5138466)
207,Eni Station,Autostrada dei Giovi Ing Aut Mi/ge Cantalupa,9.1551179,45.4191539,POINT (9.1551179 45.4191539)
209,Enel X Stazione di Ricarica,"Via del Bosco Rinnovato, 7",9.150154,45.4091669,POINT (9.150154 45.4091669)
210,Enel X Stazione di Ricarica,"Via Giacomo Matteotti, 11",9.133071,45.409597,POINT (9.133071 45.409597)
212,"Colonnine 3,7kW il Viaggiator Goloso",Stazione di ricarica per veicoli elettrici,9.1231697,45.4163024,POINT (9.1231697 45.4163024)
213,Be Charge Stazione di Ricarica,"Viale Famagosta, 20",9.1578843,45.4369862,POINT (9.1578843 45.4369862)
215,ENEL X Charging Station,"Via Antonio di Rudinì, 3",9.1578924,45.4326181,POINT (9.1578924 45.4326181)
216,Eni Station,Via Eugenio Curiel Couriel Quinto Stampi,9.1730555,45.3979667,POINT (9.1730555 45.3979667)
218,Stazione di ricarica per veicolo elettrico,"Via Eugenio Curiel, 25",9.1763843,45.3905094,POINT (9.1763843 45.3905094)
219,Be Charge Charging Station,"Via Giuseppe Ripamonti, 390",9.20234,45.42068,POINT (9.20234 45.42068)
220,VIRTA Charging Station,"Via Giovanni Battista Ramusio, 2",9.2008481,45.4224782,POINT (9.2008481 45.4224782)
221,Enel X Stazione di ricarica,"Via Eugenio Curiel, 25",9.1735524,45.3914779,POINT (9.1735524 45.3914779)
223,NHP Stazione di Ricarica,"Via Sile, 25",9.2227063,45.4395959,POINT (9.2227063 45.4395959)
225,Eni Station,"Corso Sempione, 35",9.1654668,45.4803275,POINT (9.1654668 45.4803275)
227,Evway Charging Station,"Via Antonio Beretta, 2",9.180855,45.472496,POINT (9.180855 45.472496)
228,Enel X Charging Station,"Piazza Castello, 26",9.1807057,45.4716076,POINT (9.1807057 45.4716076)
229,Rev Charging Station,"Viale Emilio Alemagna, 6",9.1735485,45.4718047,POINT (9.1735485 45.4718047)
230,Be Charge Stazione di Ricarica,Via Arco,9.1841877,45.4704428,POINT (9.1841877 45.4704428)
232,EnerMia Stazione di Ricarica,"Via Ponte Vetero, 5",9.1851793,45.4692339,POINT (9.1851793 45.4692339)
234,Eni Station,"Via Santa Rita da Cascia, 64",9.1530466,45.4383698,POINT (9.1530466 45.4383698)
242,Colonnina 22kW Lidl,"SPexSS11, 4-12",9.1605381,45.4455723,POINT (9.1605381 45.4455723)
261,Eni Station,"Viale Monza, 166",9.2233679,45.5072261,POINT (9.2233679 45.5072261)
264,Be Charge Charging Station,"Via Pindaro, 29",9.22943,45.516973,POINT (9.22943 45.516973)
265,e-moving Charging Station,"Via Erodoto, 2",9.2237419,45.5088824,POINT (9.2237419 45.5088824)
266,Be Charge Charging Station,"Viale Monza, 166",9.223406,45.5074097,POINT (9.223406 45.5074097)
268,Lidl Stazione di Ricarica,"Via Adriano, 22",9.2469728,45.5123332,POINT (9.2469728 45.5123332)
269,Be Charge Stazione di Ricarica,Stazione di ricarica per veicoli elettrici,9.2142149,45.5209,POINT (9.2142149 45.5209)
274,Be Charge Stazione di Ricarica,"Piazza dell'Ospedale Maggiore, 8",9.1901766,45.5095088,POINT (9.1901766 45.5095088)
279,Enel X Stazione di Ricarica,"Via Caviaga, 5",9.2578415,45.4281494,POINT (9.2578415 45.4281494)
280,Enel X Stazione di Ricarica,Via Salvemini,9.2586194,45.4196716,POINT (9.2586194 45.4196716)
281,Enel X Stazione di Ricarica,"Via Giovanni Battista Cassinis, 83",9.2379372,45.4341068,POINT (9.2379372 45.4341068)
282,Enel X Stazione di Ricarica,"Via Emilia, 12",9.262626,45.4152984,POINT (9.262626 45.4152984)
283,Enel X Stazione di Ricarica,"Via Cesare Battisti, 2",9.265226,45.417107,POINT (9.265226 45.417107)
284,Enel X Stazione di Ricarica,"Via della Unione Europea, 1",9.259417,45.4161,POINT (9.259417 45.4161)
286,Enel X Stazione di Ricarica,"Piazzale Supercortemaggiore, 2",9.2581262,45.4203595,POINT (9.2581262 45.4203595)
287,Stazione di ricarica per veicolo elettrico,"Via Eugenio Colorni, 16",9.2419817,45.439818,POINT (9.2419817 45.439818)
288,Stazione di Servizi Eni - LU.CA: srl Telepass Point,"Piazza Trento, Viale Isonzo, 38",9.2011692,45.4468916,POINT (9.2011692 45.4468916)
290,NHP Stazione di Ricarica,"Corso Lodi, 34",9.2088081,45.4478838,POINT (9.2088081 45.4478838)
293,Stazione di ricarica elettrica Grand Visconti Palace,"Viale Isonzo, 14",9.2062205,45.4470443,POINT (9.2062205 45.4470443)
294,A2A E-moving – Fast Charge DC-AC,"Corso Lodi, 39",9.2094989,45.4479593,POINT (9.2094989 45.4479593)
296,Enel X Stazione di Ricarica,"Via Giovanni Cena, 23",9.2196726,45.4607411,POINT (9.2196726 45.4607411)
297,EnistationMantovani via Salomone,Via Oreste Salomone,9.2412,45.4512918,POINT (9.2412 45.4512918)
298,Be Charge Charging Station,"Via Mecenate, 121",9.2571403,45.448481,POINT (9.2571403 45.448481)
299,Enel X Stazione di Ricarica,"Via del Turchino, 10",9.225862,45.451317,POINT (9.225862 45.451317)
304,Be Charge Charging Station,"Viale Bacchiglione, 21",9.220481,45.443127,POINT (9.220481 45.443127)
307,Stazione di ricarica per veicolo elettrico,"Viale Col di Lana, 505",9.1815877,45.4521644,POINT (9.1815877 45.4521644)
313,Be Charge Stazione di Ricarica,"Corso Genova, 27",9.1744108,45.4563705,POINT (9.1744108 45.4563705)
314,Queenergy S.r.l.,"Via Lesmi, 11",9.1739894,45.4596626,POINT (9.1739894 45.4596626)
320,Next Charge Charging Station,"Via Ippolito Nievo, 41",9.162616,45.477744,POINT (9.162616 45.477744)
324,Eni Station,Viale Europa,9.0431815,45.4414303,POINT (9.0431815 45.4414303)
325,EMOBITALY Charging Station,"Viale Europa, 11",9.0411499,45.4452011,POINT (9.0411499 45.4452011)
326,Next Charge Charging Station,"Via dei Salici, 1",9.079846,45.452198,POINT (9.079846 45.452198)
328,Next Charge Charging Station,Via degli Ontani,9.079234,45.4547079,POINT (9.079234 45.4547079)
330,Be Charge Stazione di Ricarica,"Via Monteverdi, 22-24",9.0672673,45.424901,POINT (9.0672673 45.424901)
331,Stazione di ricarica per veicolo elettrico,Via Libertà,9.0892247,45.4469897,POINT (9.0892247 45.4469897)
332,Be Charge Stazione di Ricarica,"Via dei Salici, 5",9.0895127,45.4405711,POINT (9.0895127 45.4405711)
333,Eni Station,"Via Giacomo Antonini, 35",9.1929369,45.437451,POINT (9.1929369 45.437451)
342,Eni Station,"Via Giuseppe Ripamonti, 270/0270",9.2028273,45.4265936,POINT (9.2028273 45.4265936)
343,Enel X Charging Station,Via Noto,9.1995165,45.430953,POINT (9.1995165 45.430953)
344,Be Charge Charging Station,"Via Cascina Belcasule, 18",9.1954499,45.4298,POINT (9.1954499 45.4298)
351,Eni Station,"Viale Monza, 316",9.2276098,45.5208383,POINT (9.2276098 45.5208383)
353,Evway Charging Station,"Viale Fulvio Testi, 260",9.2108781,45.5217537,POINT (9.2108781 45.5217537)
356,Be Charge Charging Station,"Viale Fulvio Testi, 262",9.21033,45.52272,POINT (9.21033 45.52272)
357,EVBox Charging Station,"Via Chiese, 72",9.2117377,45.5222316,POINT (9.2117377 45.5222316)
358,Lidl Stazione di Ricarica,"Viale Sarca, 371",9.2153191,45.5277264,POINT (9.2153191 45.5277264)
359,A2A Charging Station,"Via Roberto Cozzi, 50",9.2132828,45.5124412,POINT (9.2132828 45.5124412)
360,Eni Station - Stazione Di Servizio,"Via Tito Livio, 19",9.2178131,45.4515436,POINT (9.2178131 45.4515436)
361,Q8,Benzinaio,9.2264563,45.455927,POINT (9.2264563 45.455927)
364,NHP Stazione di Ricarica,"Via Laura Ciceri Visconti, 2",9.220192,45.4554453,POINT (9.220192 45.4554453)
365,Stazione di ricarica per veicolo elettrico,"Via Antonio Dossi, 2",9.2202662,45.4609389,POINT (9.2202662 45.4609389)
367,Enel X Way Stazione di Ricarica,"Viale Umbria, 120",9.2176212,45.461118,POINT (9.2176212 45.461118)
369,Eni Station,Piazzale Bologna,9.2237192,45.4439634,POINT (9.2237192 45.4439634)
378,TAMOIL • Muggiano Est,A50 Tan.ov.mi.muggiano Aut,9.0748538,45.4458601,POINT (9.0748538 45.4458601)
381,Next Charge Charging Station,"Via degli Ippocastani, 20",9.083352,45.4519639,POINT (9.083352 45.4519639)
385,Stazione di ricarica per veicolo elettrico,"Via Benozzo Gozzoli, 117",9.0954152,45.4513922,POINT (9.0954152 45.4513922)
391,Be Charge Charging Station,"Via Vincenzo Forcella, 2",9.167471,45.4530389,POINT (9.167471 45.4530389)
394,A2A Stazione di Ricarica,"Via Savona, 50",9.1632357,45.45401,POINT (9.1632357 45.45401)
406,Ricarica Metro Baranzate,"Via Milano, 6",9.1172653,45.5199082,POINT (9.1172653 45.5199082)
410,Lidl Stazione di Ricarica,"Via Carlo Cattaneo, 1",9.1086638,45.5412148,POINT (9.1086638 45.5412148)
417,Be Charge Charging Station,V.le Milanofiori,9.1521979,45.4053035,POINT (9.1521979 45.4053035)
420,Be Charge Stazione di Ricarica, ⋅ Chiude alle ore: 22,9.1507133,45.4027812,POINT (9.1507133 45.4027812)
432,Enistation Mantovani via Mecenate,"Via Mecenate, 78",9.2483174,45.4524856,POINT (9.2483174 45.4524856)
434,Be Charge Charging Station,"Via Giovanni Pascoli, 22",9.27026,45.44527,POINT (9.27026 45.44527)
441,Eni Station,Via Stamira d'Ancona Valtorta,9.2288204,45.5007521,POINT (9.2288204 45.5007521)
456,Enel X Stazione di Ricarica,"Viale della Fonte Lunga, 1A",9.150605,45.4065473,POINT (9.150605 45.4065473)
459,Eni Station,"Viale Misurata, 56",9.1526335,45.4546294,POINT (9.1526335 45.4546294)
463,Next Charge Charging Station,"Viale S. Michele del Carso, 14",9.164235,45.464219,POINT (9.164235 45.464219)
464,Be Charge Charging Station,"Via Giorgio Washington, 53",9.15586,45.46101,POINT (9.15586 45.46101)
465,e-moving Charging Station,Via del Burchiello,9.1601413,45.4685446,POINT (9.1601413 45.4685446)
467,Electric Vehicle Charging Station,"Viale Ergisto Bezzi, 69",9.1489274,45.4623327,POINT (9.1489274 45.4623327)
468,Eni Station,"Via delle Forze Armate, 322",9.099095,45.460175,POINT (9.099095 45.460175)
504,Eni Station,"Via Gioacchino Murat, 14",9.1918535,45.4979967,POINT (9.1918535 45.4979967)
515,e-moving Charging Station,"Viale Legioni Romane, 2",9.1360952,45.4613723,POINT (9.1360952 45.4613723)
523,Colonnina e-Station Media World,Via Raffaele Rubattino 84 Milano MI An,9.2459116,45.4799554,POINT (9.2459116 45.4799554)
524,Enel X Stazione di ricarica,,9.2555441,45.4779237,POINT (9.2555441 45.4779237)
525,Be Charge Charging Station,"Via Riccardo Pitteri, 95",9.24577,45.47971,POINT (9.24577 45.47971)
527,ENEL X Stazione di Ricarica,"Via Piaggio, 3",9.264136,45.486122,POINT (9.264136 45.486122)
529,Stazione di Ricarica Veicolo Elettrico,"Via Piaggio, 5",9.2636925,45.4854721,POINT (9.2636925 45.4854721)
531,Eni Station,"Via della Chiesa Rossa, 157",9.167563,45.4222135,POINT (9.167563 45.4222135)
542,A2A E-moving - Isola Digitale AC Charging Station,"Via Ferdinando Bocconi, 26",9.1907333,45.4478486,POINT (9.1907333 45.4478486)
545,Be Charge Charging Station,"Via Quadronno, 29",9.19498,45.45425,POINT (9.19498 45.45425)
549,ENI,"Via Giuseppe Ripamonti, 159",9.2010486,45.4358725,POINT (9.2010486 45.4358725)
554,Be Charge Stazione di Ricarica,"Via Orobia, 4",9.2055238,45.4438964,POINT (9.2055238 45.4438964)
555,Stazione di Ricarica per veicolo elettrico,"Via Arcivescovo Calabiana, 6",9.2084476,45.4441091,POINT (9.2084476 45.4441091)
560,Next Charge Charging Station,"Via Fratelli Bronzetti, 38",9.214613,45.4632409,POINT (9.214613 45.4632409)
562,A2A E-moving - Isola Digitale AC Charging Station,"Via Augusto Anfossi, 32",9.2144659,45.4590936,POINT (9.2144659 45.4590936)
566,Stazione di ricarica per veicolo elettrico,"Via Francesco Rezzonico, 4",9.2212686,45.4610084,POINT (9.2212686 45.4610084)
570,Enel X Stazione di Ricarica,"Via Fratelli Cervi, 1",9.2633662,45.5029236,POINT (9.2633662 45.5029236)
571,Powy Charging Station,   800 596 704   ,9.263228,45.497226,POINT (9.263228 45.497226)
572,Yess Energy Stazione di Ricarica,"Via Alessandro Volta, 4",9.2710687,45.4928898,POINT (9.2710687 45.4928898)
578,A2A Stazione di Ricarica,"Via Carlo Imbonati, 33",9.1827251,45.501062,POINT (9.1827251 45.501062)
579,Be Charge Charging Station,"Via Benigno Crespi, 57",9.183665,45.5036,POINT (9.183665 45.5036)
594,Eni Station,Via Francesco dall'Ongaro,9.2254336,45.4674039,POINT (9.2254336 45.4674039)
603,A2A Stazione di Ricarica,"Piazza Guglielmo Oberdan, 531",9.2042574,45.4748839,POINT (9.2042574 45.4748839)
604,Be Charge Charging Station,"Via Palestro, 16",9.2005,45.47265,POINT (9.2005 45.47265)
605,Stazione di ricarica per veicolo elettrico,"Via Filippo Turati, 4",9.1950698,45.4733052,POINT (9.1950698 45.4733052)
606,Enel X Stazione di Ricarica,"Via Camillo Finocchiaro Aprile, 1",9.2014476,45.477949,POINT (9.2014476 45.477949)
607,e-moving Charging Station,"Piazza Guglielmo Oberdan, 531",9.204548,45.474676,POINT (9.204548 45.474676)
608,Next Charge Charging Station,"Piazza della Repubblica, 3",9.1955048,45.4778068,POINT (9.1955048 45.4778068)
609,Stazione di ricarica per veicolo elettrico,"Via S. Giovanni alla Paglia, 15-3",9.2030019,45.4798214,POINT (9.2030019 45.4798214)
610,A2A E-moving – Fast Charge DC-AC,"Via Daniele Manin, 37",9.1982906,45.4770009,POINT (9.1982906 45.4770009)
615,A2A Stazione di Ricarica,"Via Antonio Bordoni, 16",9.19629,45.483884,POINT (9.19629 45.483884)
616,Be Charge Stazione di Ricarica,"Bastioni di Porta Nuova, 21",9.1880291,45.479946,POINT (9.1880291 45.479946)
618,A2A E-moving Stazione di Ricarica,"Via Melchiorre Gioia, 39",9.1962879,45.4857519,POINT (9.1962879 45.4857519)
619,Liikennevirta Oy (CPO) Charging Station,"Viale Luigi Sturzo, 13",9.190165,45.484114,POINT (9.190165 45.484114)
620,A2A E-moving - Isola Digitale AC,"Via Giovanni Battista Pirelli, 37",9.1957273,45.4842533,POINT (9.1957273 45.4842533)
630,Flagship Store Eni Plenitude,"Corso Buenos Aires, 3",9.2059372,45.4758945,POINT (9.2059372 45.4758945)
631,A2A E-Moving Stazione di Ricarica,"Corso Buenos Aires, 37",9.2103948,45.479881,POINT (9.2103948 45.479881)
632,Be Charge Charging Station,"Via Lodovico Zambeletti, 10",9.213407,45.476189,POINT (9.213407 45.476189)
635,Be Charge Charging Station,"Viale Abruzzi, 20a",9.21734,45.47712,POINT (9.21734 45.47712)
636,Enel X Charging Station,"Piazzale Bacone, 8",9.21502,45.4803674,POINT (9.21502 45.4803674)
639,Eni Parking,"Via Santa Rita da Cascia, 64",9.1530147,45.4385025,POINT (9.1530147 45.4385025)
648,Enel X Stazione di Ricarica,Piazza Luigi di Savoia,9.206992,45.4865375,POINT (9.206992 45.4865375)
649,Stazione di ricarica per veicolo elettrico,"Via Soperga, 22",9.2099608,45.4882279,POINT (9.2099608 45.4882279)
651,e-moving Charging Station,"Piazza Duca d'Aosta, 24",9.2049177,45.4845322,POINT (9.2049177 45.4845322)
652,Be Charge Charging Station,"Via Giovanni Battista Sammartini, 27",9.206751,45.490156,POINT (9.206751 45.490156)
653,Be Charge Charging Station,"Piazza Luigi di Savoia, 3",9.2071,45.4855,POINT (9.2071 45.4855)
654,Tesla Destination Charger,"Via Mauro Macchi, 79",9.2108004,45.4878552,POINT (9.2108004 45.4878552)
655,Be Charge Charging Station,"Viale Sondrio, 5",9.19985,45.48977,POINT (9.19985 45.48977)
659,Robert Bosch Charging Station,"Via Privata Anton Francesco Grazzini, 14",9.1607371,45.5060749,POINT (9.1607371 45.5060749)
660,Be Charge Charging Station,"Via degli Imbriani, 44",9.16672,45.5011,POINT (9.16672 45.5011)
673,Enel X Charging Station,"GTR Car Service, Via Vincenzo Monti, 28",9.0963694,45.5107017,POINT (9.0963694 45.5107017)
674,Be Charge Charging Station,"Via Vincenzo Monti, 5",9.09665,45.50869,POINT (9.09665 45.50869)
675,Eni Station,"Via Lorenteggio, 239",9.121335,45.4449948,POINT (9.121335 45.4449948)
685,e-moving Charging Station,"Piazza Leonardo da Vinci, 41",9.2263414,45.4794046,POINT (9.2263414 45.4794046)
688,Next Charge Charging Station,"Via Sangallo, 33",9.228968,45.471728,POINT (9.228968 45.471728)
692,A2A Stazione di Ricarica,"Via Giovanni Pacini, 74",9.2352027,45.4842318,POINT (9.2352027 45.4842318)
699,A2A E-Moving – Quick Charge AC,"Via Bergognone, 45",9.1645433,45.452795,POINT (9.1645433 45.452795)
700,EMOBITALY Charging Station,"Viale Carlo Troya, 18",9.154824,45.4501706,POINT (9.154824 45.4501706)
712,evway Stazione di Ricarica,"Via Giosuè Carducci, 12",9.1753056,45.4655832,POINT (9.1753056 45.4655832)
715,A2A Stazione di Ricarica,"Via Santa Valeria, 5",9.1774054,45.4633183,POINT (9.1774054 45.4633183)
718,A2A Stazione di Ricarica,Piazzale Luigi Cadorna,9.1775225,45.4675801,POINT (9.1775225 45.4675801)
719,A2A E-Moving Charging Station,"Via Metastasio, 5",9.1740402,45.4683834,POINT (9.1740402 45.4683834)
720,Enel X Charging Station,"Via Cristina Belgioioso, 171",9.0995486,45.5215073,POINT (9.0995486 45.5215073)
721,Enel X Charging Station,G492+GM8,9.1016947,45.5187488,POINT (9.1016947 45.5187488)
722,Stazione di ricarica per veicolo elettrico,Stazione di ricarica per veicoli elettrici,9.0851125,45.5185072,POINT (9.0851125 45.5185072)
725,Powy Charging Station,"Strada Statale Sempione, 28",9.085282,45.517345,POINT (9.085282 45.517345)
730,A2A Stazione di Ricarica,"Via Paolo Lomazzo, 15",9.1724124,45.4819771,POINT (9.1724124 45.4819771)
738,Eni Station,Via dei Mille,9.1120898,45.4233644,POINT (9.1120898 45.4233644)
740,Lidl Stazione di Ricarica,"Viale Lombardia, 16",9.1183522,45.4232938,POINT (9.1183522 45.4232938)
743,A2A Stazione di Ricarica,"Via Mario Idiomi, 1A",9.125607,45.4091934,POINT (9.125607 45.4091934)
752,Evway Charging Station,"Via Alberto da Giussano, 23",9.1619563,45.4698331,POINT (9.1619563 45.4698331)
756,Eni Station,"Via Giulio Cesare Procaccini, 9",9.1744656,45.4836745,POINT (9.1744656 45.4836745)
758,ENEL X Charging Station,"Via S. Marco, 30",9.189234,45.477321,POINT (9.189234 45.477321)
759,Be Charge Charging Station,"Via S. Marco, 18",9.1884377,45.4750502,POINT (9.1884377 45.4750502)
760,Next Charge Charging Station,Via Lovanio,9.186125,45.476987,POINT (9.186125 45.476987)
764,Be Charge Stazione di Ricarica,"Via Gastone Pisoni, 2",9.1932281,45.470926,POINT (9.1932281 45.470926)
776,Enel X Stazione di Ricarica,Via Adriano,9.2430011,45.5192318,POINT (9.2430011 45.5192318)
779,Enel X Stazione di Ricarica,"Via Cimitero, 6",9.2407783,45.5227281,POINT (9.2407783 45.5227281)
780,Enel X Stazione di Ricarica,"Viale Rimembranze, 93",9.241065,45.529345,POINT (9.241065 45.529345)
782,Enel X Stazione di Ricarica,"Via Fratelli di Dio, 18",9.2509221,45.5256367,POINT (9.2509221 45.5256367)
783,Eni Station,"Via Angelo Inganni, 99",9.1223951,45.4566003,POINT (9.1223951 45.4566003)
790,Electric Vehicle Charging Station,Stazione di ricarica per veicoli elettrici,9.1221184,45.4445615,POINT (9.1221184 45.4445615)
